Team,W%_pred,W_pred,L_pred
OKC,0.659,54,28
CLE,0.654,54,28
MIN,0.637,52,30
NYK,0.619,51,31
IND,0.616,51,31
MIL,0.614,50,32
LAC,0.592,49,33
DET,0.591,48,34
LAL,0.574,47,35
BOS,0.571,47,35
DEN,0.561,46,36
GSW,0.561,46,36
MEM,0.518,43,39
PHO,0.504,41,41
SAS,0.481,39,43
ATL,0.454,38,44
UTA,0.454,38,44
HOU,0.446,38,44
WAS,0.437,37,45
CHI,0.428,36,46
MIA,0.424,36,46
DAL,0.409,35,47
POR,0.408,34,48
BRK,0.389,33,49
TOR,0.386,33,49
SAC,0.385,33,49
NOP,0.371,31,51
CHO,0.368,31,51
PHI,0.362,31,51
ORL,0.327,28,54
